source_id,url,host,reference_titles,cited_in,research_date,downloaded_path,status_note
CA-001,https://api.tidesandcurrents.noaa.gov/api/dev,api.tidesandcurrents.noaa.gov,CO-OPS Data API | NOAA CO-OPS API 文档,data-and-regulations.md | north-coast.md,2026-09-28,,Referenced in research; not a claim that all linked products were downloaded
CA-002,https://api.tidesandcurrents.noaa.gov/mdapi/prod/,api.tidesandcurrents.noaa.gov,CO-OPS Metadata API | Metadata API,central-south-coast.md | data-and-regulations.md,2026-09-28,,Referenced in research; not a claim that all linked products were downloaded
CA-003,https://api.waterdata.usgs.gov/,api.waterdata.usgs.gov,USGS Water Data API,data-and-regulations.md,2026-09-28,,Referenced in research; not a claim that all linked products were downloaded
CA-004,https://berkeleyca.gov/community-recreation/waterfront/waterfront-amenities,berkeleyca.gov,Berkeley waterfront 图与照片 | Berkeley 官方商业/charter 名录入口,north-coast.md,2026-09-28,,Referenced in research; not a claim that all linked products were downloaded
CA-005,https://berkeleyca.gov/sites/default/files/2026-01/Item%2010A%20Berkeley%20Ferry%20Pier%20Use%20Permit.pdf,berkeleyca.gov,Berkeley 2026 Pier/Ferry 文件 | Berkeley 公共设施图,north-coast.md,2026-09-28,,Referenced in research; not a claim that all linked products were downloaded
CA-006,https://ca.water.usgs.gov/sandiego/data/gis/dem/sd_coastal_dem/San_Diego_California.pdf,ca.water.usgs.gov,NOAA/USGS San Diego Coastal DEM 编制报告,central-south-coast.md,2026-09-28,,Referenced in research; not a claim that all linked products were downloaded
CA-007,https://cdec.water.ca.gov/,cdec.water.ca.gov,DWR CDEC,inland-waters.md,2026-09-28,,Referenced in research; not a claim that all linked products were downloaded
CA-008,https://cdec.water.ca.gov/dynamicapp/staMeta,cdec.water.ca.gov,CDEC 站点元数据,data-and-regulations.md,2026-09-28,,Referenced in research; not a claim that all linked products were downloaded
CA-009,https://cdec.water.ca.gov/dynamicapp/wsSensorData,cdec.water.ca.gov,DWR CDEC 传感器查询,data-and-regulations.md,2026-09-28,,Referenced in research; not a claim that all linked products were downloaded
CA-010,https://cdfwmarine.wordpress.com/2015/02/10/creature-feature-sanddabs/,cdfwmarine.wordpress.com,CDFW Sanddabs,species-and-methods.md,2026-09-28,,Referenced in research; not a claim that all linked products were downloaded
CA-011,https://cdfwmarine.wordpress.com/2017/05/30/creature-feature-california-halibut/,cdfwmarine.wordpress.com,CDFW 物种与钓法,species-and-methods.md,2026-09-28,,Referenced in research; not a claim that all linked products were downloaded
CA-012,https://cdfwmarine.wordpress.com/2017/10/25/creature-feature-kelp-bass/,cdfwmarine.wordpress.com,CDFW Kelp Bass,species-and-methods.md,2026-09-28,,Referenced in research; not a claim that all linked products were downloaded
CA-013,https://cdfwmarine.wordpress.com/2019/01/29/creature-feature-spotted-sand-bass/,cdfwmarine.wordpress.com,CDFW 钓法,species-and-methods.md,2026-09-28,,Referenced in research; not a claim that all linked products were downloaded
CA-014,https://cdfwmarine.wordpress.com/2019/05/13/creature-feature-yellowtail/,cdfwmarine.wordpress.com,CDFW Yellowtail,species-and-methods.md,2026-09-28,,Referenced in research; not a claim that all linked products were downloaded
CA-015,https://cdip.ucsd.edu/m/documents/data_access.html,cdip.ucsd.edu,CDIP data access,data-and-regulations.md,2026-09-28,,Referenced in research; not a claim that all linked products were downloaded
CA-016,https://ceqanet.lci.ca.gov/2026050193,ceqanet.lci.ca.gov,2026 CEQAnet 公告,central-south-coast.md,2026-09-28,,Referenced in research; not a claim that all linked products were downloaded
CA-017,https://coast.noaa.gov/digitalcoast/tools/dav.html,coast.noaa.gov,NOAA Digital Coast DAV | NOAA Digital Coast Data Access Viewer,data-and-regulations.md | north-coast.md,2026-09-28,,Referenced in research; not a claim that all linked products were downloaded
CA-018,https://coast.noaa.gov/htdata/lidar1_z/,coast.noaa.gov,NOAA 批量数据目录,data-and-regulations.md,2026-09-28,,Referenced in research; not a claim that all linked products were downloaded
CA-019,https://coast.noaa.gov/inventory/,coast.noaa.gov,跨机构地形清单,north-coast.md,2026-09-28,,Referenced in research; not a claim that all linked products were downloaded
CA-020,https://coastwatch.pfeg.noaa.gov/erddap/tabledap/erdCinpKfmFT.html,coastwatch.pfeg.noaa.gov,NOAA ERDDAP Fish Transect,central-south-coast.md,2026-09-28,,Referenced in research; not a claim that all linked products were downloaded
CA-021,https://conservation.ca.gov/cgs/fwg/maps/noyo,conservation.ca.gov,CGS Noyo 图集,north-coast.md,2026-09-28,,Referenced in research; not a claim that all linked products were downloaded
CA-022,https://cty-gis-web.co.humboldt.ca.us/server/rest/services/Web/Humboldt_Bay_DEM/MapServer,cty-gis-web.co.humboldt.ca.us,县 GIS/LiDAR 元数据,north-coast.md,2026-09-28,,Referenced in research; not a claim that all linked products were downloaded
CA-023,https://dbw.parks.ca.gov/BoatingFacilities/f/14,dbw.parks.ca.gov,DBW 港区服务,north-coast.md,2026-09-28,,Referenced in research; not a claim that all linked products were downloaded
CA-024,https://dods.ndbc.noaa.gov/thredds/dodsC/data/stdmet/mlsc1/mlsc1h2026.nc.html,dods.ndbc.noaa.gov,NOAA NDBC 的 2026 数据元数据,central-south-coast.md,2026-09-28,,Referenced in research; not a claim that all linked products were downloaded
CA-025,https://ecode360.com/42662404,ecode360.com,市 pier 法规,central-south-coast.md,2026-09-28,,Referenced in research; not a claim that all linked products were downloaded
CA-026,https://filelib.wildlife.ca.gov/FileLib/CRFS/CRFS%20Training%20Materials/Sites/northern%20site%20description/Humboldt%20County.pdf,filelib.wildlife.ca.gov,CDFW Humboldt CRFS 场地说明,north-coast.md,2026-09-28,,Referenced in research; not a claim that all linked products were downloaded
CA-027,https://filelib.wildlife.ca.gov/Public/ITB/NRM/MPAMap/mpa_map.html,filelib.wildlife.ca.gov,CDFW MPA 地图 | CDFW 官方互动地图 | MPA地图,central-south-coast.md | data-and-regulations.md | north-coast.md,2026-09-28,,Referenced in research; not a claim that all linked products were downloaded
CA-028,https://filelib.wildlife.ca.gov/public/BDB/GIS/BIOS/metadata/DS0582.html,filelib.wildlife.ca.gov,ds582 元数据 | ds582元数据,central-south-coast.md | data-and-regulations.md,2026-09-28,,Referenced in research; not a claim that all linked products were downloaded
CA-029,https://forecast.weather.gov/MapClick.php?textField1=35.3658&textField2=-120.849,forecast.weather.gov,NWS 官方点位,central-south-coast.md,2026-09-28,,Referenced in research; not a claim that all linked products were downloaded
CA-030,https://home.nps.gov/chis/planyourvisit/directions.htm,home.nps.gov,NPS Directions,central-south-coast.md,2026-09-28,,Referenced in research; not a claim that all linked products were downloaded
CA-031,https://home.nps.gov/chis/planyourvisit/weather.htm,home.nps.gov,NPS Weather,central-south-coast.md,2026-09-28,,Referenced in research; not a claim that all linked products were downloaded
CA-032,https://home.nps.gov/pore/planyourvisit/safety_boating.htm,home.nps.gov,NPS boating 风与潮流,north-coast.md,2026-09-28,,Referenced in research; not a claim that all linked products were downloaded
CA-033,https://humboldtbay.org/recreation,humboldtbay.org,港务局 recreation/入口清单 | 港务局口门说明 | 港务局鱼种说明,north-coast.md,2026-09-28,,Referenced in research; not a claim that all linked products were downloaded
CA-034,https://incidentnews.noaa.gov/incident/11212,incidentnews.noaa.gov,NOAA 事故记录,central-south-coast.md,2026-09-28,,Referenced in research; not a claim that all linked products were downloaded
CA-035,https://marinespecies.wildlife.ca.gov/spotted-sand-bass/management/,marinespecies.wildlife.ca.gov,CDFW Spotted Sand Bass ESR | ESR 栖地与管理,central-south-coast.md | species-and-methods.md,2026-09-28,,Referenced in research; not a claim that all linked products were downloaded
CA-036,https://morrobayca.gov/144/Harbor,morrobayca.gov,市 Harbor Department,central-south-coast.md,2026-09-28,,Referenced in research; not a claim that all linked products were downloaded
CA-037,https://morrobayca.gov/ArchiveCenter/ViewFile/Item/7328,morrobayca.gov,市港务关于大涌的记录,central-south-coast.md,2026-09-28,,Referenced in research; not a claim that all linked products were downloaded
CA-038,https://mosslandingharbor.dst.ca.us/,mosslandingharbor.dst.ca.us,港口当前首页,central-south-coast.md,2026-09-28,,Referenced in research; not a claim that all linked products were downloaded
CA-039,https://mosslandingharbor.dst.ca.us/launch-ramp,mosslandingharbor.dst.ca.us,港口 launch ramp,central-south-coast.md,2026-09-28,,Referenced in research; not a claim that all linked products were downloaded
CA-040,https://nauticalcharts.noaa.gov/learn/encdirect/,nauticalcharts.noaa.gov,ENC GIS 说明与服务,data-and-regulations.md,2026-09-28,,Referenced in research; not a claim that all linked products were downloaded
CA-041,https://ndow-production-media.s3-us-gov-west-1.amazonaws.com/wp-content/uploads/2025/06/Lake-Tahoe_Angler-Guide-2025_FINAL-1.pdf,ndow-production-media.s3-us-gov-west-1.amazonaws.com,2025 Angler Guide | 2025 官方指南 | raw/ndow-tahoe-guide-2025.pdf,downloads.json | inland-waters.md | species-and-methods.md,2026-09-28,raw/ndow-tahoe-guide-2025.pdf,Archived and format-validated; see downloads.json
CA-042,https://noyoharbordistrict.org/the-harbor/,noyoharbordistrict.org,Noyo 港务局港口介绍,north-coast.md,2026-09-28,,Referenced in research; not a claim that all linked products were downloaded
CA-043,https://noyoharbordistrict.org/the-marina/,noyoharbordistrict.org,Marina/下水与服务 | 港务局服务,north-coast.md,2026-09-28,,Referenced in research; not a claim that all linked products were downloaded
CA-044,https://nrm.dfg.ca.gov/FileHandler.ashx?DocumentID=209090,nrm.dfg.ca.gov,2026 法规原册，PDF 第77页 | 2026 淡水册，PDF 第87页 | raw/cdfw-freshwater-2026.pdf,downloads.json | inland-waters.md,2026-09-28,raw/cdfw-freshwater-2026.pdf,Archived and format-validated; see downloads.json
CA-045,https://nrm.dfg.ca.gov/FileHandler.ashx?DocumentID=239985,nrm.dfg.ca.gov,raw/cdfw-ocean-2026.pdf,downloads.json,2026-09-28,raw/cdfw-ocean-2026.pdf,Archived and format-validated; see downloads.json
CA-046,https://nrm.dfg.ca.gov/FileHandler.ashx?DocumentID=98226&inline=,nrm.dfg.ca.gov,Matlahuayl 官方地图/边界单张,central-south-coast.md,2026-09-28,,Referenced in research; not a claim that all linked products were downloaded
CA-047,https://nrm.dfg.ca.gov/FishPlants/PublicPlantSearch,nrm.dfg.ca.gov,放流日程,data-and-regulations.md,2026-09-28,,Referenced in research; not a claim that all linked products were downloaded
CA-048,https://oehha.ca.gov/fish,oehha.ca.gov,OEHHA 鱼类建议入口,data-and-regulations.md,2026-09-28,,Referenced in research; not a claim that all linked products were downloaded
CA-049,https://oehha.ca.gov/media/downloads/advisories/socaladvisoryl61809.pdf,oehha.ca.gov,OEHHA 南加州历史研究资料,central-south-coast.md,2026-09-28,,Referenced in research; not a claim that all linked products were downloaded
CA-050,https://oehha.ca.gov/sites/default/files/media/downloads/advisories/shastareport022717.pdf,oehha.ca.gov,Shasta 鱼样研究,inland-waters.md,2026-09-28,,Referenced in research; not a claim that all linked products were downloaded
CA-051,https://parks.ca.gov/?page_id=22224,parks.ca.gov,State Park 地质/植被/设施分图,north-coast.md,2026-09-28,,Referenced in research; not a claim that all linked products were downloaded
CA-052,https://parks.ca.gov/?page_id=31888,parks.ca.gov,官方钓鱼介绍 | 州立公园季节介绍,inland-waters.md,2026-09-28,,Referenced in research; not a claim that all linked products were downloaded
CA-053,https://parks.ca.gov/?page_id=470,parks.ca.gov,Tomales Bay State Park,north-coast.md,2026-09-28,,Referenced in research; not a claim that all linked products were downloaded
CA-054,https://parks.marincounty.gov/parkspreserves/parks/miller-boat-launch,parks.marincounty.gov,Marin County Miller | Marin Miller 鱼种 | Miller 设施/公园规则,north-coast.md,2026-09-28,,Referenced in research; not a claim that all linked products were downloaded
CA-055,https://parks.sonomacounty.ca.gov/Microsites/Regional%20Parks/Documents/Visit/Brochures/Doran-Regional-Park-Brochure.pdf,parks.sonomacounty.ca.gov,Sonoma County Doran 正式图册,north-coast.md,2026-09-28,,Referenced in research; not a claim that all linked products were downloaded
CA-056,https://pubs.usgs.gov/dds/dds-55/pacmaps/lt_data.htm,pubs.usgs.gov,USGS 原始数据与元数据 | raw/usgs-tahoe-data-metadata.html,downloads.json | inland-waters.md,2026-09-28,raw/usgs-tahoe-data-metadata.html,Archived and format-validated; see downloads.json
CA-057,https://pubs.usgs.gov/ds/359/,pubs.usgs.gov,DS359 数据和方法,inland-waters.md,2026-09-28,,Referenced in research; not a claim that all linked products were downloaded
CA-058,https://pubs.usgs.gov/ds/359/ds359_text.pdf,pubs.usgs.gov,raw/usgs-delta-elevation-ds359.pdf,downloads.json,2026-09-28,raw/usgs-delta-elevation-ds359.pdf,Archived and format-validated; see downloads.json
CA-059,https://pubs.usgs.gov/ds/781/OffshoreBodegaHead/data_catalog_OffshoreBodegaHead.html,pubs.usgs.gov,数据下载目录,north-coast.md,2026-09-28,,Referenced in research; not a claim that all linked products were downloaded
CA-060,https://pubs.usgs.gov/of/2002/0162/persp.html,pubs.usgs.gov,USGS LA margin 多波束透视图,central-south-coast.md,2026-09-28,,Referenced in research; not a claim that all linked products were downloaded
CA-061,https://pubs.usgs.gov/of/2008/1237/data/tomalesampg.html,pubs.usgs.gov,2 m backscatter 元数据,north-coast.md,2026-09-28,,Referenced in research; not a claim that all linked products were downloaded
CA-062,https://pubs.usgs.gov/of/2008/1237/data/tomalesg.html,pubs.usgs.gov,4 m DEM 元数据与下载关联,north-coast.md,2026-09-28,,Referenced in research; not a claim that all linked products were downloaded
CA-063,https://pubs.usgs.gov/of/2019/1072/ofr20191072_sheet2.pdf,pubs.usgs.gov,USGS 区域海底剖面/地质图,north-coast.md,2026-09-28,,Referenced in research; not a claim that all linked products were downloaded
CA-064,https://pubs.usgs.gov/of/2023/1064/ofr20231064.pdf,pubs.usgs.gov,USGS 栖地解释报告,central-south-coast.md,2026-09-28,,Referenced in research; not a claim that all linked products were downloaded
CA-065,https://pubs.usgs.gov/pp/0575c/report.pdf,pubs.usgs.gov,USGS 原始报告/剖面,central-south-coast.md,2026-09-28,,Referenced in research; not a claim that all linked products were downloaded
CA-066,https://pubs.usgs.gov/publication/ofr20151140,pubs.usgs.gov,USGS Bodega Head 图集,north-coast.md,2026-09-28,,Referenced in research; not a claim that all linked products were downloaded
CA-067,https://pubs.usgs.gov/sim/3473/sim3473_sheet3.pdf,pubs.usgs.gov,USGS SIM 3473 regional relief 图,central-south-coast.md,2026-09-28,,Referenced in research; not a claim that all linked products were downloaded
CA-068,https://redondo.gov/Draft%20Public%20Amenities%20Plan%20for%20King%20Harbor.pdf,redondo.gov,市 Amenities Plan,central-south-coast.md,2026-09-28,,Referenced in research; not a claim that all linked products were downloaded
CA-069,https://redondo.legistar.com/View.ashx?GUID=9F098D4D-5D79-4232-A37B-9471643217A0&ID=14852330&M=F,redondo.legistar.com,市 2025 Boat Launch Demand Study,central-south-coast.md,2026-09-28,,Referenced in research; not a claim that all linked products were downloaded
CA-070,https://repository.library.noaa.gov/view/noaa/40878/noaa_40878_DS13.pdf,repository.library.noaa.gov,NOAA Noyo 社区档案,north-coast.md,2026-09-28,,Referenced in research; not a claim that all linked products were downloaded
CA-071,https://sanctuaries.noaa.gov/science/condition/mbnms/history.html,sanctuaries.noaa.gov,NOAA 环境与栖地报告,central-south-coast.md,2026-09-28,,Referenced in research; not a claim that all linked products were downloaded
CA-072,https://sanctuaries.noaa.gov/science/condition/mbnms/pressures.html,sanctuaries.noaa.gov,NOAA 渔业压力记录,central-south-coast.md,2026-09-28,,Referenced in research; not a claim that all linked products were downloaded
CA-073,https://scc.ca.gov/2016/05/26/the-conservancy-at-40-years-fort-bragg/,scc.ca.gov,州 Coastal Conservancy 岸线开放记录,north-coast.md,2026-09-28,,Referenced in research; not a claim that all linked products were downloaded
CA-074,https://tahoeboatinspections.com/locations-2/,tahoeboatinspections.com,检查站和流程,inland-waters.md,2026-09-28,,Referenced in research; not a claim that all linked products were downloaded
CA-075,https://tidesandcurrents.noaa.gov/api-helper/url-generator.html,tidesandcurrents.noaa.gov,API 查询构建器,data-and-regulations.md,2026-09-28,,Referenced in research; not a claim that all linked products were downloaded
CA-076,https://tidesandcurrents.noaa.gov/benchmarks/9410079.html,tidesandcurrents.noaa.gov,NOAA benchmark sheet,central-south-coast.md,2026-09-28,,Referenced in research; not a claim that all linked products were downloaded
CA-077,https://tidesandcurrents.noaa.gov/benchmarks/9410170.html,tidesandcurrents.noaa.gov,NOAA benchmark sheet,central-south-coast.md,2026-09-28,,Referenced in research; not a claim that all linked products were downloaded
CA-078,https://tidesandcurrents.noaa.gov/benchmarks/9410230.html,tidesandcurrents.noaa.gov,NOAA benchmark sheet,central-south-coast.md,2026-09-28,,Referenced in research; not a claim that all linked products were downloaded
CA-079,https://tidesandcurrents.noaa.gov/est/est_station.shtml?stnid=9419059,tidesandcurrents.noaa.gov,NOAA 测站产品状态,north-coast.md,2026-09-28,,Referenced in research; not a claim that all linked products were downloaded
CA-080,https://tidesandcurrents.noaa.gov/ofs/sfbofs/sfbofs.html,tidesandcurrents.noaa.gov,SFBOFS | SFBOFS 模型入口,data-and-regulations.md | north-coast.md,2026-09-28,,Referenced in research; not a claim that all linked products were downloaded
CA-081,https://tidesandcurrents.noaa.gov/ports/index.html?port=sf,tidesandcurrents.noaa.gov,PORTS 站点图 | SF Bay PORTS,data-and-regulations.md | north-coast.md,2026-09-28,,Referenced in research; not a claim that all linked products were downloaded
CA-082,https://tidesandcurrents.noaa.gov/tide_pred_stn_history.html,tidesandcurrents.noaa.gov,NOAA 站点变更记录,north-coast.md,2026-09-28,,Referenced in research; not a claim that all linked products were downloaded
CA-083,https://venturaharbor.com/fuel-docks/,venturaharbor.com,Ventura 港官方 Fuel Docks,central-south-coast.md,2026-09-28,,Referenced in research; not a claim that all linked products were downloaded
CA-084,https://venturaharbor.com/parking/,venturaharbor.com,Ventura 港停车/ramp 地址,central-south-coast.md,2026-09-28,,Referenced in research; not a claim that all linked products were downloaded
CA-085,https://waterboards.ca.gov/water_issues/programs/swamp/freshwater_cyanobacteria.html,waterboards.ca.gov,Water Board freshwater HAB,data-and-regulations.md,2026-09-28,,Referenced in research; not a claim that all linked products were downloaded
CA-086,https://webprod.ladwp.com/who-we-are/ladwp-eastern-sierra/recreation-eastern-sierra/eastern-sierra-ladwp-land-use-regulations,webprod.ladwp.com,LADWP 土地使用规则,inland-waters.md,2026-09-28,,Referenced in research; not a claim that all linked products were downloaded
CA-087,https://wildlife.ca.gov/Conservation/Marine/GIS,wildlife.ca.gov,CDFW Marine GIS,data-and-regulations.md,2026-09-28,,Referenced in research; not a claim that all linked products were downloaded
CA-088,https://wildlife.ca.gov/Conservation/Marine/Kelp/Aerial-Kelp-Surveys,wildlife.ca.gov,CDFW 航测 GIS,data-and-regulations.md,2026-09-28,,Referenced in research; not a claim that all linked products were downloaded
CA-089,https://wildlife.ca.gov/Conservation/Marine/Kelp/Monitoring,wildlife.ca.gov,CDFW kelp monitoring,data-and-regulations.md,2026-09-28,,Referenced in research; not a claim that all linked products were downloaded
CA-090,https://wildlife.ca.gov/Conservation/Marine/MPAs/Anacapa-Island,wildlife.ca.gov,CDFW Anacapa,central-south-coast.md,2026-09-28,,Referenced in research; not a claim that all linked products were downloaded
CA-091,https://wildlife.ca.gov/Conservation/Marine/MPAs/Bodega-Head,wildlife.ca.gov,Bodega Head 逐项规则与坐标 | CDFW Bodega Head 生态与保护范围,north-coast.md,2026-09-28,,Referenced in research; not a claim that all linked products were downloaded
CA-092,https://wildlife.ca.gov/Conservation/Marine/MPAs/Casino-Point,wildlife.ca.gov,CDFW Casino Point,central-south-coast.md,2026-09-28,,Referenced in research; not a claim that all linked products were downloaded
CA-093,https://wildlife.ca.gov/Conservation/Marine/MPAs/Elkhorn-Slough,wildlife.ca.gov,CDFW Elkhorn Slough,central-south-coast.md,2026-09-28,,Referenced in research; not a claim that all linked products were downloaded
CA-094,https://wildlife.ca.gov/Conservation/Marine/MPAs/Lovers-Cove,wildlife.ca.gov,CDFW Lover’s Cove,central-south-coast.md,2026-09-28,,Referenced in research; not a claim that all linked products were downloaded
CA-095,https://wildlife.ca.gov/Conservation/Marine/MPAs/Morro-Bay,wildlife.ca.gov,CDFW Morro Bay 专页,central-south-coast.md,2026-09-28,,Referenced in research; not a claim that all linked products were downloaded
CA-096,https://wildlife.ca.gov/Conservation/Marine/MPAs/Point-Vicente-Abalone-Cove,wildlife.ca.gov,CDFW 邻近 Point Vicente/Abalone Cove 栖地,central-south-coast.md,2026-09-28,,Referenced in research; not a claim that all linked products were downloaded
CA-097,https://wildlife.ca.gov/Conservation/Marine/MPAs/Reading-Rock,wildlife.ca.gov,CDFW Reading Rock 范围/规则/生态,north-coast.md,2026-09-28,,Referenced in research; not a claim that all linked products were downloaded
CA-098,https://wildlife.ca.gov/Conservation/Marine/MPAs/San-Diego-Scripps-Coastal-Matlahuayl,wildlife.ca.gov,CDFW Matlahuayl / Scripps,central-south-coast.md,2026-09-28,,Referenced in research; not a claim that all linked products were downloaded
CA-099,https://wildlife.ca.gov/Conservation/Marine/MPAs/South-Humboldt-Bay,wildlife.ca.gov,CDFW MPA 正文 | CDFW South Humboldt Bay 生态与边界,north-coast.md,2026-09-28,,Referenced in research; not a claim that all linked products were downloaded
CA-100,https://wildlife.ca.gov/Conservation/Marine/MPAs/South-La-Jolla,wildlife.ca.gov,CDFW South La Jolla,central-south-coast.md,2026-09-28,,Referenced in research; not a claim that all linked products were downloaded
CA-101,https://wildlife.ca.gov/Conservation/Marine/MPAs/Ten-Mile,wildlife.ca.gov,CDFW Ten Mile 三保护区,north-coast.md,2026-09-28,,Referenced in research; not a claim that all linked products were downloaded
CA-102,https://wildlife.ca.gov/Conservation/Marine/Nearshore,wildlife.ca.gov,CDFW Fort Bragg greenling 采样 | CDFW Marine Nearshore 研究 | CDFW Nearshore 实测研究 | CDFW 湾内 halibut 研究 | CDFW 研究方法 | CDFW 识别资料,data-and-regulations.md | north-coast.md | species-and-methods.md,2026-09-28,,Referenced in research; not a claim that all linked products were downloaded
CA-103,https://wildlife.ca.gov/Fishing/Commercial/Herring,wildlife.ca.gov,CDFW Pacific herring 生态 | 鲱鱼生态/调查,north-coast.md,2026-09-28,,Referenced in research; not a claim that all linked products were downloaded
CA-104,https://wildlife.ca.gov/Fishing/Commercial/Herring/Season-Summaries,wildlife.ca.gov,CDFW 鲱鱼监测及历史报告入口,north-coast.md,2026-09-28,,Referenced in research; not a claim that all linked products were downloaded
CA-105,https://wildlife.ca.gov/Fishing/Inland,wildlife.ca.gov,CDFW Inland/CIRAS入口,data-and-regulations.md,2026-09-28,,Referenced in research; not a claim that all linked products were downloaded
CA-106,https://wildlife.ca.gov/Fishing/Inland/Black-Bass,wildlife.ca.gov,CDFW Black Bass,species-and-methods.md,2026-09-28,,Referenced in research; not a claim that all linked products were downloaded
CA-107,https://wildlife.ca.gov/Fishing/Inland/Sacramento-Perch,wildlife.ca.gov,CDFW Sacramento Perch | Sacramento perch 生境与钓法,inland-waters.md | species-and-methods.md,2026-09-28,,Referenced in research; not a claim that all linked products were downloaded
CA-108,https://wildlife.ca.gov/Fishing/Inland/Striped-Bass,wildlife.ca.gov,CDFW striped bass 迁徙与钓法 | CDFW 地点/钓法,north-coast.md,2026-09-28,,Referenced in research; not a claim that all linked products were downloaded
CA-109,https://wildlife.ca.gov/Fishing/Inland/White-Sturgeon,wildlife.ca.gov,CDFW 白鲟法规与识别,inland-waters.md,2026-09-28,,Referenced in research; not a claim that all linked products were downloaded
CA-110,https://wildlife.ca.gov/Fishing/Ocean,wildlife.ca.gov,CDFW 当期区域页 | CDFW当期页面及临时更新 | 海洋当期规则,data-and-regulations.md | north-coast.md,2026-09-28,,Referenced in research; not a claim that all linked products were downloaded
CA-111,https://wildlife.ca.gov/Fishing/Ocean/Beach-Fishing,wildlife.ca.gov,CDFW Beach Fishing | CDFW beach/pier fishing | CDFW 沙滩钓法,central-south-coast.md | data-and-regulations.md | species-and-methods.md,2026-09-28,,Referenced in research; not a claim that all linked products were downloaded
CA-112,https://wildlife.ca.gov/Fishing/Ocean/Regulations/Fishing-Map/Central,wildlife.ca.gov,CDFW Central Region,central-south-coast.md,2026-09-28,,Referenced in research; not a claim that all linked products were downloaded
CA-113,https://wildlife.ca.gov/Fishing/Ocean/Regulations/Fishing-Map/Mendocino,wildlife.ca.gov,CDFW Mendocino 当期规则,north-coast.md,2026-09-28,,Referenced in research; not a claim that all linked products were downloaded
CA-114,https://wildlife.ca.gov/Fishing/Ocean/Regulations/Fishing-Map/Northern,wildlife.ca.gov,CDFW Northern 实时规则 | CDFW 当期 Northern 规则,north-coast.md,2026-09-28,,Referenced in research; not a claim that all linked products were downloaded
CA-115,https://wildlife.ca.gov/Fishing/Ocean/Regulations/Fishing-Map/SF-Bay,wildlife.ca.gov,SF Bay District 地理边界与规则 | SF Bay 当期规则,north-coast.md,2026-09-28,,Referenced in research; not a claim that all linked products were downloaded
CA-116,https://wildlife.ca.gov/Fishing/Ocean/Regulations/Fishing-Map/San-Francisco,wildlife.ca.gov,CDFW San Francisco Region,north-coast.md,2026-09-28,,Referenced in research; not a claim that all linked products were downloaded
CA-117,https://wildlife.ca.gov/Fishing/Ocean/Regulations/Fishing-Map/Southern,wildlife.ca.gov,CDFW Southern Region | 现行名称,central-south-coast.md | species-and-methods.md,2026-09-28,,Referenced in research; not a claim that all linked products were downloaded
CA-118,https://wildlife.ca.gov/Fishing/Ocean/Regulations/Groundfish-Summary,wildlife.ca.gov,CDFW 当期摘要,species-and-methods.md,2026-09-28,,Referenced in research; not a claim that all linked products were downloaded
CA-119,https://wildlife.ca.gov/Fishing/Ocean/Regulations/Sport-Fishing/General-Provisions,wildlife.ca.gov,CDFW general provisions | CDFW 定义,data-and-regulations.md | species-and-methods.md,2026-09-28,,Referenced in research; not a claim that all linked products were downloaded
CA-120,https://wildlife.ca.gov/Lands/Places-to-Visit/Moss-Landing-WA,wildlife.ca.gov,CDFW Moss Landing Wildlife Area 的访问规则,central-south-coast.md,2026-09-28,,Referenced in research; not a claim that all linked products were downloaded
CA-121,https://wildlife.ca.gov/Lands/Places-to-Visit/South-Spit-WA,wildlife.ca.gov,South Spit 陆地入口与时间,north-coast.md,2026-09-28,,Referenced in research; not a claim that all linked products were downloaded
CA-122,https://wildlife.ca.gov/Lands/Places-to-Visit/Tomales-Bay-ER,wildlife.ca.gov,CDFW Tomales Bay Ecological Reserve,north-coast.md,2026-09-28,,Referenced in research; not a claim that all linked products were downloaded
CA-123,https://wildlife.ca.gov/Regulations,wildlife.ca.gov,CDFW 法规入口 | CDFW 淡水法规 | 法规总入口 | 淡水法规 | 淡水法规入口,data-and-regulations.md | inland-waters.md,2026-09-28,,Referenced in research; not a claim that all linked products were downloaded
CA-124,https://wildlife.ca.gov/Science-Institute/News/tag/rainbow,wildlife.ca.gov,CDFW 2019 Crowley 调查,inland-waters.md,2026-09-28,,Referenced in research; not a claim that all linked products were downloaded
CA-125,https://wsoweb.ladwp.com/aqueduct/operations/reservoir.htm,wsoweb.ladwp.com,LADWP Long Valley 等水库 | LADWP 水库运行表,data-and-regulations.md | inland-waters.md,2026-09-28,,Referenced in research; not a claim that all linked products were downloaded
CA-126,https://www.alamedaca.gov/Departments/Recreation-Parks/Encinal-Boat-Ramp,www.alamedaca.gov,Alameda Encinal 官方页 | Encinal 下水 | Encinal 设施,north-coast.md,2026-09-28,,Referenced in research; not a claim that all linked products were downloaded
CA-127,https://www.alamedaca.gov/files/content/public/v/1/business/bid-on-city-contracts/invitation-to-bid-encinal-boat-launch-facility-no.-p.w.-04-19-19/051619-final-eblf-plans.pdf,www.alamedaca.gov,Encinal 正式工程平面与现场照片,north-coast.md,2026-09-28,,Referenced in research; not a claim that all linked products were downloaded
CA-128,https://www.blm.gov/california/public-room/brochure/trinidad-gateway-brochure,www.blm.gov,BLM Trinidad 导览,north-coast.md,2026-09-28,,Referenced in research; not a claim that all linked products were downloaded
CA-129,https://www.blm.gov/visit/trinidad-head-lighthouse,www.blm.gov,BLM 灯塔与坐标,north-coast.md,2026-09-28,,Referenced in research; not a claim that all linked products were downloaded
CA-130,https://www.cityofavalon.gov/175/Harbor-Department,www.cityofavalon.gov,Avalon Harbor Department,central-south-coast.md,2026-09-28,,Referenced in research; not a claim that all linked products were downloaded
CA-131,https://www.cityofavalon.gov/DocumentCenter/View/1769/Avalon-Harbor-Brochure-FINAL-2025-2026,www.cityofavalon.gov,Avalon Harbor Brochure 2025–2026,central-south-coast.md,2026-09-28,,Referenced in research; not a claim that all linked products were downloaded
CA-132,https://www.cityofavalon.gov/DocumentCenter/View/1852,www.cityofavalon.gov,Avalon 官方 Catalina MPA 图册,central-south-coast.md,2026-09-28,,Referenced in research; not a claim that all linked products were downloaded
CA-133,https://www.cityofavalon.gov/m/newsflash?cat=11%2C1,www.cityofavalon.gov,市政 News Flash,central-south-coast.md,2026-09-28,,Referenced in research; not a claim that all linked products were downloaded
CA-134,https://www.cityofslt.gov/296/Boat-Ramp-at-El-Dorado-Beach,www.cityofslt.gov,Tahoe城市公告 | 城市船坡参数 | 城市设施与封闭公告,README.md | inland-waters.md,2026-09-28,,Referenced in research; not a claim that all linked products were downloaded
CA-135,https://www.coast.noaa.gov/digitalcoast/data/jalbtcx.html,www.coast.noaa.gov,topobathy lidar 说明,data-and-regulations.md,2026-09-28,,Referenced in research; not a claim that all linked products were downloaded
CA-136,https://www.crowleylakefishcamp.com/,www.crowleylakefishcamp.com,Crowley经营公告 | 经营者当期公告,README.md | inland-waters.md,2026-09-28,,Referenced in research; not a claim that all linked products were downloaded
CA-137,https://www.crowleylakefishcamp.com/maps,www.crowleylakefishcamp.com,湖区／营地／码头图,inland-waters.md,2026-09-28,,Referenced in research; not a claim that all linked products were downloaded
CA-138,https://www.crowleylakefishcamp.com/overview,www.crowleylakefishcamp.com,经营者概况,inland-waters.md,2026-09-28,,Referenced in research; not a claim that all linked products were downloaded
CA-139,https://www.csulb.edu/shark-lab/fish-movements-and-marine-protected-areas,www.csulb.edu,CSULB Catalina 鱼类遥测研究,central-south-coast.md,2026-09-28,,Referenced in research; not a claim that all linked products were downloaded
CA-140,https://www.ebparks.org/parks/crown-beach,www.ebparks.org,Crown 成因与地形 | Crown 管理限制 | EBRPD Crown Beach,north-coast.md,2026-09-28,,Referenced in research; not a claim that all linked products were downloaded
CA-141,https://www.ebparks.org/recreation/fishing,www.ebparks.org,EBRPD fishing,north-coast.md,2026-09-28,,Referenced in research; not a claim that all linked products were downloaded
CA-142,https://www.fisheries.noaa.gov/west-coast/recreational-fishing/california-recreational-rockfish-information,www.fisheries.noaa.gov,NOAA Rockfish,species-and-methods.md,2026-09-28,,Referenced in research; not a claim that all linked products were downloaded
CA-143,https://www.fs.usda.gov/Internet/FSE_DOCUMENTS/fsm9_008261.pdf,www.fs.usda.gov,旧钓鱼资料链接,inland-waters.md,2026-09-28,,HTTP 404 on direct download; historical indexed excerpt only
CA-144,https://www.fs.usda.gov/Internet/FSE_DOCUMENTS/stelprd3790610.pdf,www.fs.usda.gov,USFS 2014 管理指南,inland-waters.md,2026-09-28,,Referenced in research; not a claim that all linked products were downloaded
CA-145,https://www.fs.usda.gov/media/134327,www.fs.usda.gov,USFS 设施指南,inland-waters.md,2026-09-28,,Referenced in research; not a claim that all linked products were downloaded
CA-146,https://www.fws.gov/refuge/humboldt-bay/visit-us/locations/hookton-slough-unit,www.fws.gov,FWS Hookton 当前公告,north-coast.md,2026-09-28,,Referenced in research; not a claim that all linked products were downloaded
CA-147,https://www.fws.gov/sites/default/files/documents/HumboldtGB_2021-web_508.pdf,www.fws.gov,FWS 官方图册,north-coast.md,2026-09-28,,Referenced in research; not a claim that all linked products were downloaded
CA-148,https://www.lakecountyca.gov/1248/Invasive-Mussel-Prevention,www.lakecountyca.gov,县级筛检,inland-waters.md,2026-09-28,,Referenced in research; not a claim that all linked products were downloaded
CA-149,https://www.lakecountyca.gov/1257/Prevention-Plans-Reports,www.lakecountyca.gov,含 2025 更新的防入侵计划,inland-waters.md,2026-09-28,,Referenced in research; not a claim that all linked products were downloaded
CA-150,https://www.mbari.org/know-your-ocean/monterey-canyon/,www.mbari.org,MBARI：Monterey Canyon,central-south-coast.md,2026-09-28,,Referenced in research; not a claim that all linked products were downloaded
CA-151,https://www.mbari.org/news/canyons-currents-and-algal-blooms-how-monterey-canyon-influences-the-growth-of-microscopic-marine-algae/,www.mbari.org,MBARI 峡谷水流研究,central-south-coast.md,2026-09-28,,Referenced in research; not a claim that all linked products were downloaded
CA-152,https://www.mbari.org/news/following-the-trail-of-sand-in-monterey-canyon/,www.mbari.org,沿岸沙进入峡谷的过程,central-south-coast.md,2026-09-28,,Referenced in research; not a claim that all linked products were downloaded
CA-153,https://www.morrobayca.gov/Archive.aspx?ADID=5642,www.morrobayca.gov,现有设施与维护规划,central-south-coast.md,2026-09-28,,Referenced in research; not a claim that all linked products were downloaded
CA-154,https://www.nauticalcharts.noaa.gov/charts/noaa-enc.html,www.nauticalcharts.noaa.gov,NOAA ENC,data-and-regulations.md,2026-09-28,,Referenced in research; not a claim that all linked products were downloaded
CA-155,https://www.nauticalcharts.noaa.gov/data/hydrographic-survey-data.html,www.nauticalcharts.noaa.gov,NOAA Hydrographic Survey Data,central-south-coast.md | data-and-regulations.md,2026-09-28,,Referenced in research; not a claim that all linked products were downloaded
CA-156,https://www.ncei.noaa.gov/access/metadata/landing-page/bin/iso?id=gov.noaa.ngdc.mgg.dem%3A667,www.ncei.noaa.gov,NOAA coastal DEM,north-coast.md,2026-09-28,,Referenced in research; not a claim that all linked products were downloaded
CA-157,https://www.ncei.noaa.gov/maps/bathymetry/,www.ncei.noaa.gov,NOAA Bathymetric Data Viewer,central-south-coast.md | data-and-regulations.md,2026-09-28,,Referenced in research; not a claim that all linked products were downloaded
CA-158,https://www.ndbc.noaa.gov/data/historical/,www.ndbc.noaa.gov,NDBC 文件目录,data-and-regulations.md,2026-09-28,,Referenced in research; not a claim that all linked products were downloaded
CA-159,https://www.ndbc.noaa.gov/historical_data.shtml,www.ndbc.noaa.gov,NDBC 历史资料,data-and-regulations.md,2026-09-28,,Referenced in research; not a claim that all linked products were downloaded
CA-160,https://www.ndbc.noaa.gov/station_page.php?station=46045,www.ndbc.noaa.gov,NOAA NDBC 46045,central-south-coast.md,2026-09-28,,Referenced in research; not a claim that all linked products were downloaded
CA-161,https://www.ndow.org/waters/lake-tahoe/,www.ndow.org,NDOW 全湖资料 | 官方全湖鱼类介绍,inland-waters.md | species-and-methods.md,2026-09-28,,Referenced in research; not a claim that all linked products were downloaded
CA-162,https://www.ngdc.noaa.gov/mgg/bathymetry/maps/area4.html,www.ngdc.noaa.gov,NCEI 西海岸旧测深/渔业图,central-south-coast.md,2026-09-28,,Referenced in research; not a claim that all linked products were downloaded
CA-163,https://www.nps.gov/chis/learn/nature/currents-upwelling.htm,www.nps.gov,NPS Currents and Upwelling,central-south-coast.md,2026-09-28,,Referenced in research; not a claim that all linked products were downloaded
CA-164,https://www.nps.gov/chis/learn/nature/marine-protected-areas.htm,www.nps.gov,NPS 群岛 MPA 总图,central-south-coast.md,2026-09-28,,Referenced in research; not a claim that all linked products were downloaded
CA-165,https://www.nps.gov/chis/planyourvisit/boating.htm,www.nps.gov,NPS Boating,central-south-coast.md,2026-09-28,,Referenced in research; not a claim that all linked products were downloaded
CA-166,https://www.nps.gov/chis/planyourvisit/fishing.htm,www.nps.gov,NPS Fishing,central-south-coast.md,2026-09-28,,Referenced in research; not a claim that all linked products were downloaded
CA-167,https://www.nps.gov/im/medn/kelp-forest-communities.htm,www.nps.gov,NPS Kelp Forest Communities 监测项目,central-south-coast.md,2026-09-28,,Referenced in research; not a claim that all linked products were downloaded
CA-168,https://www.nps.gov/pore/planyourvisit/upload/map_boatincamping.pdf,www.nps.gov,NPS boat-in 地图,north-coast.md,2026-09-28,,Referenced in research; not a claim that all linked products were downloaded
CA-169,https://www.nps.gov/thingstodo/fishing-at-point-eyes.htm,www.nps.gov,NPS fishing 允许/禁止范围,north-coast.md,2026-09-28,,Referenced in research; not a claim that all linked products were downloaded
CA-170,https://www.nps.gov/thingstodo/point-reyes-boat-in-camping.htm,www.nps.gov,NPS 下水点与坐标,north-coast.md,2026-09-28,,Referenced in research; not a claim that all linked products were downloaded
CA-171,https://www.opc.ca.gov/webmaster/ftp/pdf/docs/CA_NCoastFCP.pdf,www.opc.ca.gov,OPC 北岸渔业社区报告,north-coast.md,2026-09-28,,Referenced in research; not a claim that all linked products were downloaded
CA-172,https://www.oxy.edu/academics/vantuna-research-group/research/estuarine-ecology,www.oxy.edu,调查团队 Estuarine Ecology,central-south-coast.md,2026-09-28,,Referenced in research; not a claim that all linked products were downloaded
CA-173,https://www.parks.ca.gov/?page_id=473,www.parks.ca.gov,公园鱼类 | 州立公园,inland-waters.md,2026-09-28,,Referenced in research; not a claim that all linked products were downloaded
CA-174,https://www.parks.ca.gov/?page_id=487,www.parks.ca.gov,公园与位置,inland-waters.md,2026-09-28,,Referenced in research; not a claim that all linked products were downloaded
CA-175,https://www.parks.ca.gov/?page_id=574,www.parks.ca.gov,State Beach,central-south-coast.md,2026-09-28,,Referenced in research; not a claim that all linked products were downloaded
CA-176,https://www.parks.ca.gov/BoatingFacilities/Body-of-Water/Bodega%20Bay,www.parks.ca.gov,DBW Bodega 设施表,north-coast.md,2026-09-28,,Referenced in research; not a claim that all linked products were downloaded
CA-177,https://www.parks.ca.gov/BoatingFacilities/f/42,www.parks.ca.gov,Spud Point 服务,north-coast.md,2026-09-28,,Referenced in research; not a claim that all linked products were downloaded
CA-178,https://www.parks.ca.gov/BoatingFacilities/f/44,www.parks.ca.gov,Doran 坡道与清鱼台,north-coast.md,2026-09-28,,Referenced in research; not a claim that all linked products were downloaded
CA-179,https://www.parks.ca.gov/BoatingFacilities/f/530,www.parks.ca.gov,DBW 设施,inland-waters.md,2026-09-28,,Referenced in research; not a claim that all linked products were downloaded
CA-180,https://www.parks.ca.gov/BoatingFacilities/f/743,www.parks.ca.gov,船坡设施记录,inland-waters.md,2026-09-28,,Referenced in research; not a claim that all linked products were downloaded
CA-181,https://www.parks.ca.gov/pages/473/files/ClearLakeWebBrochure2012.pdf,www.parks.ca.gov,2012 园区图 PDF | raw/clear-lake-park-brochure-2012.pdf,downloads.json | inland-waters.md,2026-09-28,raw/clear-lake-park-brochure-2012.pdf,Archived and format-validated; see downloads.json
CA-182,https://www.portofsandiego.org/coming-and-going/boating-san-diego-bay,www.portofsandiego.org,Boating on San Diego Bay,central-south-coast.md,2026-09-28,,Referenced in research; not a claim that all linked products were downloaded
CA-183,https://www.portofsandiego.org/environment/environmental-conservation/monitoring-reports,www.portofsandiego.org,Monitoring Reports,central-south-coast.md,2026-09-28,,Referenced in research; not a claim that all linked products were downloaded
CA-184,https://www.portofsandiego.org/environment/environmental-conservation/natural-resources-management,www.portofsandiego.org,Port Natural Resources Management,central-south-coast.md,2026-09-28,,Referenced in research; not a claim that all linked products were downloaded
CA-185,https://www.portofsandiego.org/experiences/see-and-do/parks/park-permitting-information,www.portofsandiego.org,Port 公园/钓鱼规则,central-south-coast.md,2026-09-28,,Referenced in research; not a claim that all linked products were downloaded
CA-186,https://www.portofsandiego.org/experiences/where-go/shelter-island/shelter-island-boat-launch,www.portofsandiego.org,Shelter Island Boat Launch,central-south-coast.md,2026-09-28,,Referenced in research; not a claim that all linked products were downloaded
CA-187,https://www.portofsandiego.org/maritime/mariner-resources,www.portofsandiego.org,Mariner Resources,central-south-coast.md,2026-09-28,,Referenced in research; not a claim that all linked products were downloaded
CA-188,https://www.sandiego.gov/lifeguards/beaches/shores,www.sandiego.gov,City La Jolla Shores,central-south-coast.md,2026-09-28,,Referenced in research; not a claim that all linked products were downloaded
CA-189,https://www.sandiego.gov/sites/default/files/kayak2020.pdf,www.sandiego.gov,City kayak launch 文件,central-south-coast.md,2026-09-28,,Referenced in research; not a claim that all linked products were downloaded
CA-190,https://www.sandiego.gov/sites/default/files/nora050919-rfp-271335_001-and-kayak-concessions-agreement-for-operation-of-kayak-concessions-at-la-jolla-shores-beach.pdf,www.sandiego.gov,入口位置的市政文件,central-south-coast.md,2026-09-28,,Referenced in research; not a claim that all linked products were downloaded
CA-191,https://www.seascape-pier.com/,www.seascape-pier.com,Rancheria 港口主页,north-coast.md,2026-09-28,,Referenced in research; not a claim that all linked products were downloaded
CA-192,https://www.seascape-pier.com/launch,www.seascape-pier.com,下水安排,north-coast.md,2026-09-28,,Referenced in research; not a claim that all linked products were downloaded
CA-193,https://www.tidesandcurrents.noaa.gov/stationhome.html?id=9414290,www.tidesandcurrents.noaa.gov,9414290 资料警告,north-coast.md,2026-09-28,,Referenced in research; not a claim that all linked products were downloaded
CA-194,https://www.tidesandcurrents.noaa.gov/stations.html?type=Historic,www.tidesandcurrents.noaa.gov,NOAA 历史测站 | NOAA 测站目录,north-coast.md,2026-09-28,,Referenced in research; not a claim that all linked products were downloaded
CA-195,https://www.usbr.gov/mp/cvo/current.html,www.usbr.gov,Reclamation 日数据 | Reclamation 日水库数据,data-and-regulations.md | inland-waters.md,2026-09-28,,Referenced in research; not a claim that all linked products were downloaded
CA-196,https://www.usbr.gov/mp/nepa/includes/documentShow.php?Doc_ID=22610,www.usbr.gov,水文技术报告,inland-waters.md,2026-09-28,,Referenced in research; not a claim that all linked products were downloaded
CA-197,https://www.usgs.gov/3d-elevation-program/about-3dep-products-services,www.usgs.gov,USGS 3DEP,data-and-regulations.md,2026-09-28,,Referenced in research; not a claim that all linked products were downloaded
CA-198,https://www.usgs.gov/centers/pcmsc/science/california-seafloor-mapping-program?field_partner_type_target_id=141710&page=0,www.usgs.gov,USGS California Seafloor Mapping,data-and-regulations.md,2026-09-28,,Referenced in research; not a claim that all linked products were downloaded
CA-199,https://www.usgs.gov/data/bathymetry-backscatter-intensity-and-benthic-habitat-offshore-morro-bay-california-ver-11,www.usgs.gov,USGS Morro Bay bathymetry/backscatter/habitat 数据发布，v1.1 Jan 2024,central-south-coast.md,2026-09-28,,Referenced in research; not a claim that all linked products were downloaded
CA-200,https://www.usgs.gov/data/high-resolution-1-m-digital-elevation-model-dem-san-francisco-bay-california-created-using,www.usgs.gov,USGS 1 m DEM,north-coast.md,2026-09-28,,Referenced in research; not a claim that all linked products were downloaded
CA-201,https://www.usgs.gov/maps/colored-shaded-relief-bathymetry-acoustic-backscatter-and-selected-perspective-views-inner,www.usgs.gov,USGS Inner Continental Borderland 产品,central-south-coast.md,2026-09-28,,Referenced in research; not a claim that all linked products were downloaded
CA-202,https://www.usgs.gov/media/images/lake-tahoe-bathymetry,www.usgs.gov,USGS 湖底图,inland-waters.md,2026-09-28,,Referenced in research; not a claim that all linked products were downloaded
CA-203,https://www.usgs.gov/media/images/trinidad-submarine-canyon-bathymetry,www.usgs.gov,USGS 峡谷图，Public Domain,north-coast.md,2026-09-28,,Referenced in research; not a claim that all linked products were downloaded
CA-204,https://www.usgs.gov/news/state-news-release/new-maps-reveal-seafloor-san-francisco-area,www.usgs.gov,USGS Golden Gate 沙波解释与图,north-coast.md,2026-09-28,,Referenced in research; not a claim that all linked products were downloaded
CA-205,https://www.usgs.gov/publications/anatomy-la-jolla-submarine-canyon-system-offshore-southern-california,www.usgs.gov,USGS La Jolla Canyon 研究,central-south-coast.md,2026-09-28,,Referenced in research; not a claim that all linked products were downloaded
CA-206,https://www.usgs.gov/publications/california-state-waters-map-series-offshore-tomales-point-california,www.usgs.gov,USGS Tomales Point 地貌,north-coast.md,2026-09-28,,Referenced in research; not a claim that all linked products were downloaded
CA-207,https://www.usgs.gov/publications/san-francisco-bay-delta-bathymetrictopographic-digital-elevation-model-dem,www.usgs.gov,2017 DEM,inland-waters.md,2026-09-28,,Referenced in research; not a claim that all linked products were downloaded
CA-208,https://www.usgs.gov/the-national-map-data-delivery/gis-data-download,www.usgs.gov,USGS 下载与 LidarExplorer,data-and-regulations.md,2026-09-28,,Referenced in research; not a claim that all linked products were downloaded
CA-209,https://www.waterboards.ca.gov/centralvalley/water_issues/tmdl/central_valley_projects/clear_lake_nutrients/index.html,www.waterboards.ca.gov,营养盐与湖水研究,inland-waters.md,2026-09-28,,Referenced in research; not a claim that all linked products were downloaded
CA-210,https://www.waterboards.ca.gov/rwqcb5/water_issues/tmdl/central_valley_projects/clear_lake_nutrients/clearlakephase2_final_rpt.pdf,www.waterboards.ca.gov,藻类研究原报告,inland-waters.md,2026-09-28,,Referenced in research; not a claim that all linked products were downloaded
CA-211,https://www.waterboards.ca.gov/waterrights/water_issues/programs/clear-lake-hitch/,www.waterboards.ca.gov,官方 hitch 保护说明,inland-waters.md,2026-09-28,,Referenced in research; not a claim that all linked products were downloaded
CA-212,https://www.weather.gov/safety/ripcurrent-science,www.weather.gov,NWS rip-current science,data-and-regulations.md,2026-09-28,,Referenced in research; not a claim that all linked products were downloaded
